Country,Question Number,Question Answer,Value,Total Respondents,Percentage
Yemen,Q204A_1,1,425,2400,0.177083333
Yemen,Q204A_1,2,921,2400,0.38375
Yemen,Q204A_1,3,700,2400,0.291666667
Yemen,Q204A_1,4,340,2400,0.141666667
Yemen,Q204A_1,98,13,2400,0.005416667
Yemen,Q204A_1,99,1,2400,0.000416667
Yemen,Q204A_2,1,340,2400,0.141666667
Yemen,Q204A_2,2,929,2400,0.387083333
Yemen,Q204A_2,3,699,2400,0.29125
Yemen,Q204A_2,4,425,2400,0.177083333
Yemen,Q204A_2,98,4,2400,0.001666667
Yemen,Q204A_2,99,3,2400,0.00125
Iraq,Q204A_1,1,81,2461,0.03291345
Iraq,Q204A_1,2,575,2461,0.23364486
Iraq,Q204A_1,3,708,2461,0.287687932
Iraq,Q204A_1,4,1090,2461,0.442909386
Iraq,Q204A_1,98,6,2461,0.002438033
Iraq,Q204A_1,99,1,2461,0.000406339
Iraq,Q204A_2,1,132,2461,0.053636733
Iraq,Q204A_2,2,690,2461,0.280373832
Iraq,Q204A_2,3,695,2461,0.282405526
Iraq,Q204A_2,4,937,2461,0.380739537
Iraq,Q204A_2,98,7,2461,0.002844372
Iraq,Q204A_2,99,0,2461,0
Egypt,Q204A_1,1,164,2400,0.068333333
Egypt,Q204A_1,2,818,2400,0.340833333
Egypt,Q204A_1,3,769,2400,0.320416667
Egypt,Q204A_1,4,552,2400,0.23
Egypt,Q204A_1,98,96,2400,0.04
Egypt,Q204A_1,99,1,2400,0.000416667
Egypt,Q204A_2,1,189,2400,0.07875
Egypt,Q204A_2,2,787,2400,0.327916667
Egypt,Q204A_2,3,810,2400,0.3375
Egypt,Q204A_2,4,603,2400,0.25125
Egypt,Q204A_2,98,9,2400,0.00375
Egypt,Q204A_2,99,2,2400,0.000833333
Tunisia,Q204A_1,1,57,2400,0.02375
Tunisia,Q204A_1,2,656,2400,0.273333333
Tunisia,Q204A_1,3,680,2400,0.283333333
Tunisia,Q204A_1,4,960,2400,0.4
Tunisia,Q204A_1,98,47,2400,0.019583333
Tunisia,Q204A_1,99,0,2400,0
Tunisia,Q204A_2,1,74,2400,0.030833333
Tunisia,Q204A_2,2,883,2400,0.367916667
Tunisia,Q204A_2,3,603,2400,0.25125
Tunisia,Q204A_2,4,812,2400,0.338333333
Tunisia,Q204A_2,98,26,2400,0.010833333
Tunisia,Q204A_2,99,2,2400,0.000833333
Palestine,Q204A_1,1,242,2493,0.097071801
Palestine,Q204A_1,2,1400,2493,0.561572403
Palestine,Q204A_1,3,641,2493,0.257119936
Palestine,Q204A_1,4,186,2493,0.074608905
Palestine,Q204A_1,98,21,2493,0.008423586
Palestine,Q204A_1,99,1,2493,0.000401123
Palestine,Q204A_2,1,139,2493,0.055756117
Palestine,Q204A_2,2,1161,2493,0.465703971
Palestine,Q204A_2,3,831,2493,0.333333333
Palestine,Q204A_2,4,351,2493,0.140794224
Palestine,Q204A_2,98,11,2493,0.004412355
Palestine,Q204A_2,99,0,2493,0
Jordan,Q204A_1,1,393,2400,0.16375
Jordan,Q204A_1,2,1071,2400,0.44625
Jordan,Q204A_1,3,486,2400,0.2025
Jordan,Q204A_1,4,439,2400,0.182916667
Jordan,Q204A_1,98,11,2400,0.004583333
Jordan,Q204A_1,99,0,2400,0
Jordan,Q204A_2,1,329,2400,0.137083333
Jordan,Q204A_2,2,1205,2400,0.502083333
Jordan,Q204A_2,3,451,2400,0.187916667
Jordan,Q204A_2,4,407,2400,0.169583333
Jordan,Q204A_2,98,8,2400,0.003333333
Jordan,Q204A_2,99,0,2400,0
Lebanon,Q204A_1,1,207,2400,0.08625
Lebanon,Q204A_1,2,786,2400,0.3275
Lebanon,Q204A_1,3,943,2400,0.392916667
Lebanon,Q204A_1,4,452,2400,0.188333333
Lebanon,Q204A_1,98,11,2400,0.004583333
Lebanon,Q204A_1,99,1,2400,0.000416667
Lebanon,Q204A_2,1,14,2400,0.005833333
Lebanon,Q204A_2,2,585,2400,0.24375
Lebanon,Q204A_2,3,1120,2400,0.466666667
Lebanon,Q204A_2,4,675,2400,0.28125
Lebanon,Q204A_2,98,4,2400,0.001666667
Lebanon,Q204A_2,99,2,2400,0.000833333
Morocco,Q204A_1,1,181,2400,0.075416667
Morocco,Q204A_1,2,594,2400,0.2475
Morocco,Q204A_1,3,743,2400,0.309583333
Morocco,Q204A_1,4,782,2400,0.325833333
Morocco,Q204A_1,98,97,2400,0.040416667
Morocco,Q204A_1,99,3,2400,0.00125
Morocco,Q204A_2,1,98,2400,0.040833333
Morocco,Q204A_2,2,367,2400,0.152916667
Morocco,Q204A_2,3,826,2400,0.344166667
Morocco,Q204A_2,4,1067,2400,0.444583333
Morocco,Q204A_2,98,38,2400,0.015833333
Morocco,Q204A_2,99,4,2400,0.001666667
Algeria,Q204A_1,1,56,2332,0.024013722
Algeria,Q204A_1,2,751,2332,0.322041166
Algeria,Q204A_1,3,939,2332,0.402658662
Algeria,Q204A_1,4,558,2332,0.239279588
Algeria,Q204A_1,98,28,2332,0.012006861
Algeria,Q204A_1,99,0,2332,0
Algeria,Q204A_2,1,31,2332,0.01329331
Algeria,Q204A_2,2,669,2332,0.286878216
Algeria,Q204A_2,3,982,2332,0.42109777
Algeria,Q204A_2,4,639,2332,0.274013722
Algeria,Q204A_2,98,8,2332,0.003430532
Algeria,Q204A_2,99,3,2332,0.001286449
Libya,Q204A_1,1,97,1962,0.049439348
Libya,Q204A_1,2,544,1962,0.277268094
Libya,Q204A_1,3,870,1962,0.443425076
Libya,Q204A_1,4,444,1962,0.226299694
Libya,Q204A_1,98,6,1962,0.003058104
Libya,Q204A_1,99,1,1962,0.000509684
Libya,Q204A_2,1,36,1962,0.018348624
Libya,Q204A_2,2,325,1962,0.165647299
Libya,Q204A_2,3,918,1962,0.467889908
Libya,Q204A_2,4,673,1962,0.343017329
Libya,Q204A_2,98,9,1962,0.004587156
Libya,Q204A_2,99,1,1962,0.000509684
Kuwait,Q204A_1,1,63,1374,0.045851528
Kuwait,Q204A_1,2,525,1374,0.38209607
Kuwait,Q204A_1,3,505,1374,0.367540029
Kuwait,Q204A_1,4,271,1374,0.197234352
Kuwait,Q204A_1,98,9,1374,0.006550218
Kuwait,Q204A_1,99,1,1374,0.000727802
Kuwait,Q204A_2,1,132,1374,0.096069869
Kuwait,Q204A_2,2,686,1374,0.499272198
Kuwait,Q204A_2,3,381,1374,0.277292576
Kuwait,Q204A_2,4,173,1374,0.125909753
Kuwait,Q204A_2,98,1,1374,0.000727802
Kuwait,Q204A_2,99,1,1374,0.000727802
Yemen,Q516A,1,648,2400,0.27
Yemen,Q516A,2,394,2400,0.164166667
Yemen,Q516A,3,1285,2400,0.535416667
Yemen,Q516A,98,55,2400,0.022916667
Yemen,Q516A,99,14,2400,0.005833333
Yemen,Q512,0,135,2400,0.05625
Yemen,Q512,1,36,2400,0.015
Yemen,Q512,2,70,2400,0.029166667
Yemen,Q512,3,108,2400,0.045
Yemen,Q512,4,98,2400,0.040833333
Yemen,Q512,5,335,2400,0.139583333
Yemen,Q512,6,292,2400,0.121666667
Yemen,Q512,7,372,2400,0.155
Yemen,Q512,8,235,2400,0.097916667
Yemen,Q512,9,177,2400,0.07375
Yemen,Q512,10,358,2400,0.149166667
Yemen,Q512,96,102,2400,0.0425
Yemen,Q512,98,71,2400,0.029583333
Yemen,Q512,99,11,2400,0.004583333
Yemen,Q515A2,1,853,2400,0.355416667
Yemen,Q515A2,2,227,2400,0.094583333
Yemen,Q515A2,3,522,2400,0.2175
Yemen,Q515A2,4,727,2400,0.302916667
Yemen,Q515A2,98,56,2400,0.023333333
Yemen,Q515A2,99,10,2400,0.004166667
Yemen,Q511,0,188,2400,0.078333333
Yemen,Q511,1,121,2400,0.050416667
Yemen,Q511,2,161,2400,0.067083333
Yemen,Q511,3,157,2400,0.065416667
Yemen,Q511,4,172,2400,0.071666667
Yemen,Q511,5,361,2400,0.150416667
Yemen,Q511,6,339,2400,0.14125
Yemen,Q511,7,350,2400,0.145833333
Yemen,Q511,8,142,2400,0.059166667
Yemen,Q511,9,89,2400,0.037083333
Yemen,Q511,10,173,2400,0.072083333
Yemen,Q511,96,81,2400,0.03375
Yemen,Q511,98,56,2400,0.023333333
Yemen,Q511,99,9,2400,0.00375
Iraq,Q516A,1,546,2461,0.221861032
Iraq,Q516A,2,499,2461,0.202763104
Iraq,Q516A,3,1350,2461,0.548557497
Iraq,Q516A,98,50,2461,0.020316944
Iraq,Q516A,99,16,2461,0.006501422
Iraq,Q512,0,754,2461,0.306379521
Iraq,Q512,1,84,2461,0.034132466
Iraq,Q512,2,162,2461,0.0658269
Iraq,Q512,3,177,2461,0.071921983
Iraq,Q512,4,197,2461,0.080048761
Iraq,Q512,5,424,2461,0.172287688
Iraq,Q512,6,148,2461,0.060138155
Iraq,Q512,7,163,2461,0.066233239
Iraq,Q512,8,102,2461,0.041446566
Iraq,Q512,9,42,2461,0.017066233
Iraq,Q512,10,184,2461,0.074766355
Iraq,Q512,96,6,2461,0.002438033
Iraq,Q512,98,12,2461,0.004876067
Iraq,Q512,99,6,2461,0.002438033
Iraq,Q515A2,1,588,2461,0.238927265
Iraq,Q515A2,2,284,2461,0.115400244
Iraq,Q515A2,3,1252,2461,0.508736286
Iraq,Q515A2,4,262,2461,0.106460788
Iraq,Q515A2,98,60,2461,0.024380333
Iraq,Q515A2,99,15,2461,0.006095083
Iraq,Q511,0,539,2461,0.21901666
Iraq,Q511,1,95,2461,0.038602194
Iraq,Q511,2,142,2461,0.057700122
Iraq,Q511,3,263,2461,0.106867127
Iraq,Q511,4,236,2461,0.095895977
Iraq,Q511,5,577,2461,0.234457538
Iraq,Q511,6,149,2461,0.060544494
Iraq,Q511,7,139,2461,0.056481105
Iraq,Q511,8,77,2461,0.031288094
Iraq,Q511,9,25,2461,0.010158472
Iraq,Q511,10,186,2461,0.075579033
Iraq,Q511,96,7,2461,0.002844372
Iraq,Q511,98,20,2461,0.008126778
Iraq,Q511,99,6,2461,0.002438033
Egypt,Q516A,1,890,2400,0.370833333
Egypt,Q516A,2,440,2400,0.183333333
Egypt,Q516A,3,1005,2400,0.41875
Egypt,Q516A,98,63,2400,0.02625
Egypt,Q516A,99,2,2400,0.000833333
Egypt,Q512,0,98,2400,0.040833333
Egypt,Q512,1,14,2400,0.005833333
Egypt,Q512,2,73,2400,0.030416667
Egypt,Q512,3,163,2400,0.067916667
Egypt,Q512,4,305,2400,0.127083333
Egypt,Q512,5,396,2400,0.165
Egypt,Q512,6,195,2400,0.08125
Egypt,Q512,7,268,2400,0.111666667
Egypt,Q512,8,241,2400,0.100416667
Egypt,Q512,9,79,2400,0.032916667
Egypt,Q512,10,277,2400,0.115416667
Egypt,Q512,96,162,2400,0.0675
Egypt,Q512,98,125,2400,0.052083333
Egypt,Q512,99,4,2400,0.001666667
Egypt,Q515A2,1,985,2400,0.410416667
Egypt,Q515A2,2,529,2400,0.220416667
Egypt,Q515A2,3,532,2400,0.221666667
Egypt,Q515A2,4,302,2400,0.125833333
Egypt,Q515A2,98,52,2400,0.021666667
Egypt,Q515A2,99,0,2400,0
Egypt,Q511,0,271,2400,0.112916667
Egypt,Q511,1,19,2400,0.007916667
Egypt,Q511,2,44,2400,0.018333333
Egypt,Q511,3,108,2400,0.045
Egypt,Q511,4,283,2400,0.117916667
Egypt,Q511,5,362,2400,0.150833333
Egypt,Q511,6,299,2400,0.124583333
Egypt,Q511,7,340,2400,0.141666667
Egypt,Q511,8,248,2400,0.103333333
Egypt,Q511,9,66,2400,0.0275
Egypt,Q511,10,108,2400,0.045
Egypt,Q511,96,154,2400,0.064166667
Egypt,Q511,98,92,2400,0.038333333
Egypt,Q511,99,6,2400,0.0025
Tunisia,Q516A,1,299,2400,0.124583333
Tunisia,Q516A,2,342,2400,0.1425
Tunisia,Q516A,3,1545,2400,0.64375
Tunisia,Q516A,98,190,2400,0.079166667
Tunisia,Q516A,99,24,2400,0.01
Tunisia,Q512,0,392,2400,0.163333333
Tunisia,Q512,1,73,2400,0.030416667
Tunisia,Q512,2,103,2400,0.042916667
Tunisia,Q512,3,157,2400,0.065416667
Tunisia,Q512,4,160,2400,0.066666667
Tunisia,Q512,5,430,2400,0.179166667
Tunisia,Q512,6,193,2400,0.080416667
Tunisia,Q512,7,198,2400,0.0825
Tunisia,Q512,8,151,2400,0.062916667
Tunisia,Q512,9,45,2400,0.01875
Tunisia,Q512,10,351,2400,0.14625
Tunisia,Q512,96,6,2400,0.0025
Tunisia,Q512,98,136,2400,0.056666667
Tunisia,Q512,99,5,2400,0.002083333
Tunisia,Q515A2,1,537,2400,0.22375
Tunisia,Q515A2,2,199,2400,0.082916667
Tunisia,Q515A2,3,1276,2400,0.531666667
Tunisia,Q515A2,4,256,2400,0.106666667
Tunisia,Q515A2,98,119,2400,0.049583333
Tunisia,Q515A2,99,13,2400,0.005416667
Tunisia,Q511,0,326,2400,0.135833333
Tunisia,Q511,1,90,2400,0.0375
Tunisia,Q511,2,115,2400,0.047916667
Tunisia,Q511,3,222,2400,0.0925
Tunisia,Q511,4,239,2400,0.099583333
Tunisia,Q511,5,524,2400,0.218333333
Tunisia,Q511,6,198,2400,0.0825
Tunisia,Q511,7,192,2400,0.08
Tunisia,Q511,8,169,2400,0.070416667
Tunisia,Q511,9,38,2400,0.015833333
Tunisia,Q511,10,181,2400,0.075416667
Tunisia,Q511,96,4,2400,0.001666667
Tunisia,Q511,98,99,2400,0.04125
Tunisia,Q511,99,3,2400,0.00125
Palestine,Q516A,1,607,2493,0.243481749
Palestine,Q516A,2,441,2493,0.176895307
Palestine,Q516A,3,1307,2493,0.52426795
Palestine,Q516A,98,132,2493,0.052948255
Palestine,Q516A,99,6,2493,0.002406739
Palestine,Q512,0,186,2493,0.074608905
Palestine,Q512,1,89,2493,0.03569996
Palestine,Q512,2,148,2493,0.059366225
Palestine,Q512,3,165,2493,0.066185319
Palestine,Q512,4,214,2493,0.085840353
Palestine,Q512,5,447,2493,0.179302046
Palestine,Q512,6,319,2493,0.127958283
Palestine,Q512,7,331,2493,0.132771761
Palestine,Q512,8,254,2493,0.101885279
Palestine,Q512,9,122,2493,0.048937024
Palestine,Q512,10,121,2493,0.048535901
Palestine,Q512,96,35,2493,0.01403931
Palestine,Q512,98,61,2493,0.024468512
Palestine,Q512,99,1,2493,0.000401123
Palestine,Q515A2,1,707,2493,0.283594063
Palestine,Q515A2,2,362,2493,0.145206578
Palestine,Q515A2,3,871,2493,0.349378259
Palestine,Q515A2,4,438,2493,0.175691937
Palestine,Q515A2,98,109,2493,0.043722423
Palestine,Q515A2,99,5,2493,0.002005616
Palestine,Q511,0,295,2493,0.118331328
Palestine,Q511,1,176,2493,0.070597673
Palestine,Q511,2,231,2493,0.092659446
Palestine,Q511,3,314,2493,0.125952667
Palestine,Q511,4,297,2493,0.119133574
Palestine,Q511,5,484,2493,0.194143602
Palestine,Q511,6,263,2493,0.105495387
Palestine,Q511,7,213,2493,0.08543923
Palestine,Q511,8,89,2493,0.03569996
Palestine,Q511,9,46,2493,0.018451665
Palestine,Q511,10,21,2493,0.008423586
Palestine,Q511,96,24,2493,0.009626955
Palestine,Q511,98,40,2493,0.016044926
Palestine,Q511,99,0,2493,0
Jordan,Q516A,1,359,2400,0.149583333
Jordan,Q516A,2,150,2400,0.0625
Jordan,Q516A,3,1739,2400,0.724583333
Jordan,Q516A,98,129,2400,0.05375
Jordan,Q516A,99,23,2400,0.009583333
Jordan,Q512,0,167,2400,0.069583333
Jordan,Q512,1,51,2400,0.02125
Jordan,Q512,2,82,2400,0.034166667
Jordan,Q512,3,109,2400,0.045416667
Jordan,Q512,4,134,2400,0.055833333
Jordan,Q512,5,471,2400,0.19625
Jordan,Q512,6,230,2400,0.095833333
Jordan,Q512,7,353,2400,0.147083333
Jordan,Q512,8,298,2400,0.124166667
Jordan,Q512,9,165,2400,0.06875
Jordan,Q512,10,283,2400,0.117916667
Jordan,Q512,96,16,2400,0.006666667
Jordan,Q512,98,41,2400,0.017083333
Jordan,Q512,99,0,2400,0
Jordan,Q515A2,1,619,2400,0.257916667
Jordan,Q515A2,2,393,2400,0.16375
Jordan,Q515A2,3,1149,2400,0.47875
Jordan,Q515A2,4,136,2400,0.056666667
Jordan,Q515A2,98,96,2400,0.04
Jordan,Q515A2,99,7,2400,0.002916667
Jordan,Q511,0,163,2400,0.067916667
Jordan,Q511,1,76,2400,0.031666667
Jordan,Q511,2,93,2400,0.03875
Jordan,Q511,3,153,2400,0.06375
Jordan,Q511,4,178,2400,0.074166667
Jordan,Q511,5,604,2400,0.251666667
Jordan,Q511,6,245,2400,0.102083333
Jordan,Q511,7,344,2400,0.143333333
Jordan,Q511,8,255,2400,0.10625
Jordan,Q511,9,104,2400,0.043333333
Jordan,Q511,10,130,2400,0.054166667
Jordan,Q511,96,21,2400,0.00875
Jordan,Q511,98,34,2400,0.014166667
Jordan,Q511,99,0,2400,0
Lebanon,Q516A,1,469,2400,0.195416667
Lebanon,Q516A,2,480,2400,0.2
Lebanon,Q516A,3,1375,2400,0.572916667
Lebanon,Q516A,98,71,2400,0.029583333
Lebanon,Q516A,99,5,2400,0.002083333
Lebanon,Q512,0,143,2400,0.059583333
Lebanon,Q512,1,96,2400,0.04
Lebanon,Q512,2,194,2400,0.080833333
Lebanon,Q512,3,177,2400,0.07375
Lebanon,Q512,4,165,2400,0.06875
Lebanon,Q512,5,313,2400,0.130416667
Lebanon,Q512,6,268,2400,0.111666667
Lebanon,Q512,7,320,2400,0.133333333
Lebanon,Q512,8,392,2400,0.163333333
Lebanon,Q512,9,147,2400,0.06125
Lebanon,Q512,10,148,2400,0.061666667
Lebanon,Q512,96,33,2400,0.01375
Lebanon,Q512,98,4,2400,0.001666667
Lebanon,Q512,99,0,2400,0
Lebanon,Q515A2,1,558,2400,0.2325
Lebanon,Q515A2,2,425,2400,0.177083333
Lebanon,Q515A2,3,1023,2400,0.42625
Lebanon,Q515A2,4,332,2400,0.138333333
Lebanon,Q515A2,98,57,2400,0.02375
Lebanon,Q515A2,99,5,2400,0.002083333
Lebanon,Q511,0,177,2400,0.07375
Lebanon,Q511,1,125,2400,0.052083333
Lebanon,Q511,2,280,2400,0.116666667
Lebanon,Q511,3,307,2400,0.127916667
Lebanon,Q511,4,297,2400,0.12375
Lebanon,Q511,5,375,2400,0.15625
Lebanon,Q511,6,332,2400,0.138333333
Lebanon,Q511,7,292,2400,0.121666667
Lebanon,Q511,8,127,2400,0.052916667
Lebanon,Q511,9,43,2400,0.017916667
Lebanon,Q511,10,8,2400,0.003333333
Lebanon,Q511,96,35,2400,0.014583333
Lebanon,Q511,98,2,2400,0.000833333
Lebanon,Q511,99,0,2400,0
Morocco,Q516A,1,535,2400,0.222916667
Morocco,Q516A,2,370,2400,0.154166667
Morocco,Q516A,3,1274,2400,0.530833333
Morocco,Q516A,98,188,2400,0.078333333
Morocco,Q516A,99,33,2400,0.01375
Morocco,Q512,0,76,2400,0.031666667
Morocco,Q512,1,17,2400,0.007083333
Morocco,Q512,2,50,2400,0.020833333
Morocco,Q512,3,42,2400,0.0175
Morocco,Q512,4,54,2400,0.0225
Morocco,Q512,5,120,2400,0.05
Morocco,Q512,6,136,2400,0.056666667
Morocco,Q512,7,259,2400,0.107916667
Morocco,Q512,8,326,2400,0.135833333
Morocco,Q512,9,248,2400,0.103333333
Morocco,Q512,10,588,2400,0.245
Morocco,Q512,96,191,2400,0.079583333
Morocco,Q512,98,274,2400,0.114166667
Morocco,Q512,99,19,2400,0.007916667
Morocco,Q515A2,1,898,2400,0.374166667
Morocco,Q515A2,2,321,2400,0.13375
Morocco,Q515A2,3,650,2400,0.270833333
Morocco,Q515A2,4,311,2400,0.129583333
Morocco,Q515A2,98,173,2400,0.072083333
Morocco,Q515A2,99,47,2400,0.019583333
Morocco,Q511,0,267,2400,0.11125
Morocco,Q511,1,88,2400,0.036666667
Morocco,Q511,2,235,2400,0.097916667
Morocco,Q511,3,275,2400,0.114583333
Morocco,Q511,4,272,2400,0.113333333
Morocco,Q511,5,255,2400,0.10625
Morocco,Q511,6,271,2400,0.112916667
Morocco,Q511,7,187,2400,0.077916667
Morocco,Q511,8,95,2400,0.039583333
Morocco,Q511,9,35,2400,0.014583333
Morocco,Q511,10,57,2400,0.02375
Morocco,Q511,96,163,2400,0.067916667
Morocco,Q511,98,179,2400,0.074583333
Morocco,Q511,99,21,2400,0.00875
Algeria,Q516A,1,551,2332,0.236277873
Algeria,Q516A,2,697,2332,0.298885077
Algeria,Q516A,3,943,2332,0.404373928
Algeria,Q516A,98,130,2332,0.055746141
Algeria,Q516A,99,11,2332,0.004716981
Algeria,Q512,0,147,2332,0.063036021
Algeria,Q512,1,41,2332,0.017581475
Algeria,Q512,2,70,2332,0.030017153
Algeria,Q512,3,127,2332,0.054459691
Algeria,Q512,4,195,2332,0.083619211
Algeria,Q512,5,438,2332,0.187821612
Algeria,Q512,6,328,2332,0.140651801
Algeria,Q512,7,309,2332,0.132504288
Algeria,Q512,8,254,2332,0.108919383
Algeria,Q512,9,135,2332,0.057890223
Algeria,Q512,10,185,2332,0.079331046
Algeria,Q512,96,46,2332,0.019725557
Algeria,Q512,98,53,2332,0.022727273
Algeria,Q512,99,4,2332,0.001715266
Algeria,Q515A2,1,896,2332,0.384219554
Algeria,Q515A2,2,531,2332,0.227701544
Algeria,Q515A2,3,537,2332,0.230274443
Algeria,Q515A2,4,220,2332,0.094339623
Algeria,Q515A2,98,138,2332,0.059176672
Algeria,Q515A2,99,10,2332,0.004288165
Algeria,Q511,0,288,2332,0.123499142
Algeria,Q511,1,114,2332,0.048885077
Algeria,Q511,2,211,2332,0.090480274
Algeria,Q511,3,339,2332,0.145368782
Algeria,Q511,4,352,2332,0.150943396
Algeria,Q511,5,418,2332,0.179245283
Algeria,Q511,6,236,2332,0.101200686
Algeria,Q511,7,155,2332,0.066466552
Algeria,Q511,8,96,2332,0.041166381
Algeria,Q511,9,30,2332,0.012864494
Algeria,Q511,10,13,2332,0.005574614
Algeria,Q511,96,37,2332,0.015866209
Algeria,Q511,98,40,2332,0.017152659
Algeria,Q511,99,3,2332,0.001286449
Libya,Q516A,1,340,1962,0.173292559
Libya,Q516A,2,299,1962,0.152395515
Libya,Q516A,3,1123,1962,0.572375127
Libya,Q516A,98,180,1962,0.091743119
Libya,Q516A,99,20,1962,0.01019368
Libya,Q512,0,456,1962,0.232415902
Libya,Q512,1,51,1962,0.025993884
Libya,Q512,2,75,1962,0.0382263
Libya,Q512,3,123,1962,0.062691131
Libya,Q512,4,122,1962,0.062181448
Libya,Q512,5,309,1962,0.157492355
Libya,Q512,6,104,1962,0.053007136
Libya,Q512,7,149,1962,0.075942915
Libya,Q512,8,136,1962,0.069317023
Libya,Q512,9,58,1962,0.029561672
Libya,Q512,10,325,1962,0.165647299
Libya,Q512,96,4,1962,0.002038736
Libya,Q512,98,40,1962,0.02038736
Libya,Q512,99,10,1962,0.00509684
Libya,Q515A2,1,661,1962,0.336901121
Libya,Q515A2,2,191,1962,0.097349643
Libya,Q515A2,3,763,1962,0.388888889
Libya,Q515A2,4,179,1962,0.091233435
Libya,Q515A2,98,152,1962,0.077471967
Libya,Q515A2,99,16,1962,0.008154944
Libya,Q511,0,846,1962,0.431192661
Libya,Q511,1,105,1962,0.05351682
Libya,Q511,2,142,1962,0.072375127
Libya,Q511,3,218,1962,0.111111111
Libya,Q511,4,146,1962,0.074413863
Libya,Q511,5,256,1962,0.130479103
Libya,Q511,6,71,1962,0.036187564
Libya,Q511,7,45,1962,0.02293578
Libya,Q511,8,34,1962,0.017329256
Libya,Q511,9,13,1962,0.006625892
Libya,Q511,10,53,1962,0.027013252
Libya,Q511,96,1,1962,0.000509684
Libya,Q511,98,25,1962,0.0127421
Libya,Q511,99,7,1962,0.003567788
Kuwait,Q516A,1,79,1374,0.057496361
Kuwait,Q516A,2,90,1374,0.065502183
Kuwait,Q516A,3,214,1374,0.155749636
Kuwait,Q516A,98,151,1374,0.109898108
Kuwait,Q516A,99,839,1374,0.61062591
Kuwait,Q512,0,22,1374,0.016011645
Kuwait,Q512,1,11,1374,0.008005822
Kuwait,Q512,2,14,1374,0.010189229
Kuwait,Q512,3,22,1374,0.016011645
Kuwait,Q512,4,35,1374,0.025473071
Kuwait,Q512,5,157,1374,0.11426492
Kuwait,Q512,6,187,1374,0.136098981
Kuwait,Q512,7,222,1374,0.161572052
Kuwait,Q512,8,196,1374,0.142649199
Kuwait,Q512,9,154,1374,0.112081514
Kuwait,Q512,10,289,1374,0.210334789
Kuwait,Q512,96,2,1374,0.001455604
Kuwait,Q512,98,55,1374,0.040029112
Kuwait,Q512,99,8,1374,0.005822416
Kuwait,Q515A2,1,419,1374,0.304949054
Kuwait,Q515A2,2,178,1374,0.129548763
Kuwait,Q515A2,3,420,1374,0.305676856
Kuwait,Q515A2,4,73,1374,0.053129549
Kuwait,Q515A2,98,188,1374,0.136826783
Kuwait,Q515A2,99,96,1374,0.069868996
Kuwait,Q511,0,16,1374,0.011644833
Kuwait,Q511,1,14,1374,0.010189229
Kuwait,Q511,2,22,1374,0.016011645
Kuwait,Q511,3,34,1374,0.024745269
Kuwait,Q511,4,46,1374,0.033478894
Kuwait,Q511,5,146,1374,0.106259098
Kuwait,Q511,6,192,1374,0.139737991
Kuwait,Q511,7,280,1374,0.203784571
Kuwait,Q511,8,241,1374,0.175400291
Kuwait,Q511,9,155,1374,0.112809316
Kuwait,Q511,10,169,1374,0.122998544
Kuwait,Q511,96,2,1374,0.001455604
Kuwait,Q511,98,47,1374,0.034206696
Kuwait,Q511,99,10,1374,0.00727802
Yemen,Q204A_1,1,425,2400,0.177083333
Yemen,Q204A_1,2,921,2400,0.38375
Yemen,Q204A_1,3,700,2400,0.291666667
Yemen,Q204A_1,4,340,2400,0.141666667
Yemen,Q204A_1,98,13,2400,0.005416667
Yemen,Q204A_1,99,1,2400,0.000416667
Yemen,Q204A_2,1,340,2400,0.141666667
Yemen,Q204A_2,2,929,2400,0.387083333
Yemen,Q204A_2,3,699,2400,0.29125
Yemen,Q204A_2,4,425,2400,0.177083333
Yemen,Q204A_2,98,4,2400,0.001666667
Yemen,Q204A_2,99,3,2400,0.00125
Iraq,Q204A_1,1,81,2461,0.03291345
Iraq,Q204A_1,2,575,2461,0.23364486
Iraq,Q204A_1,3,708,2461,0.287687932
Iraq,Q204A_1,4,1090,2461,0.442909386
Iraq,Q204A_1,98,6,2461,0.002438033
Iraq,Q204A_1,99,1,2461,0.000406339
Iraq,Q204A_2,1,132,2461,0.053636733
Iraq,Q204A_2,2,690,2461,0.280373832
Iraq,Q204A_2,3,695,2461,0.282405526
Iraq,Q204A_2,4,937,2461,0.380739537
Iraq,Q204A_2,98,7,2461,0.002844372
Iraq,Q204A_2,99,0,2461,0
Egypt,Q204A_1,1,164,2400,0.068333333
Egypt,Q204A_1,2,818,2400,0.340833333
Egypt,Q204A_1,3,769,2400,0.320416667
Egypt,Q204A_1,4,552,2400,0.23
Egypt,Q204A_1,98,96,2400,0.04
Egypt,Q204A_1,99,1,2400,0.000416667
Egypt,Q204A_2,1,189,2400,0.07875
Egypt,Q204A_2,2,787,2400,0.327916667
Egypt,Q204A_2,3,810,2400,0.3375
Egypt,Q204A_2,4,603,2400,0.25125
Egypt,Q204A_2,98,9,2400,0.00375
Egypt,Q204A_2,99,2,2400,0.000833333
Tunisia,Q204A_1,1,57,2400,0.02375
Tunisia,Q204A_1,2,656,2400,0.273333333
Tunisia,Q204A_1,3,680,2400,0.283333333
Tunisia,Q204A_1,4,960,2400,0.4
Tunisia,Q204A_1,98,47,2400,0.019583333
Tunisia,Q204A_1,99,0,2400,0
Tunisia,Q204A_2,1,74,2400,0.030833333
Tunisia,Q204A_2,2,883,2400,0.367916667
Tunisia,Q204A_2,3,603,2400,0.25125
Tunisia,Q204A_2,4,812,2400,0.338333333
Tunisia,Q204A_2,98,26,2400,0.010833333
Tunisia,Q204A_2,99,2,2400,0.000833333
Palestine,Q204A_1,1,242,2493,0.097071801
Palestine,Q204A_1,2,1400,2493,0.561572403
Palestine,Q204A_1,3,641,2493,0.257119936
Palestine,Q204A_1,4,186,2493,0.074608905
Palestine,Q204A_1,98,21,2493,0.008423586
Palestine,Q204A_1,99,1,2493,0.000401123
Palestine,Q204A_2,1,139,2493,0.055756117
Palestine,Q204A_2,2,1161,2493,0.465703971
Palestine,Q204A_2,3,831,2493,0.333333333
Palestine,Q204A_2,4,351,2493,0.140794224
Palestine,Q204A_2,98,11,2493,0.004412355
Palestine,Q204A_2,99,0,2493,0
Jordan,Q204A_1,1,393,2400,0.16375
Jordan,Q204A_1,2,1071,2400,0.44625
Jordan,Q204A_1,3,486,2400,0.2025
Jordan,Q204A_1,4,439,2400,0.182916667
Jordan,Q204A_1,98,11,2400,0.004583333
Jordan,Q204A_1,99,0,2400,0
Jordan,Q204A_2,1,329,2400,0.137083333
Jordan,Q204A_2,2,1205,2400,0.502083333
Jordan,Q204A_2,3,451,2400,0.187916667
Jordan,Q204A_2,4,407,2400,0.169583333
Jordan,Q204A_2,98,8,2400,0.003333333
Jordan,Q204A_2,99,0,2400,0
Lebanon,Q204A_1,1,207,2400,0.08625
Lebanon,Q204A_1,2,786,2400,0.3275
Lebanon,Q204A_1,3,943,2400,0.392916667
Lebanon,Q204A_1,4,452,2400,0.188333333
Lebanon,Q204A_1,98,11,2400,0.004583333
Lebanon,Q204A_1,99,1,2400,0.000416667
Lebanon,Q204A_2,1,14,2400,0.005833333
Lebanon,Q204A_2,2,585,2400,0.24375
Lebanon,Q204A_2,3,1120,2400,0.466666667
Lebanon,Q204A_2,4,675,2400,0.28125
Lebanon,Q204A_2,98,4,2400,0.001666667
Lebanon,Q204A_2,99,2,2400,0.000833333
Morocco,Q204A_1,1,181,2400,0.075416667
Morocco,Q204A_1,2,594,2400,0.2475
Morocco,Q204A_1,3,743,2400,0.309583333
Morocco,Q204A_1,4,782,2400,0.325833333
Morocco,Q204A_1,98,97,2400,0.040416667
Morocco,Q204A_1,99,3,2400,0.00125
Morocco,Q204A_2,1,98,2400,0.040833333
Morocco,Q204A_2,2,367,2400,0.152916667
Morocco,Q204A_2,3,826,2400,0.344166667
Morocco,Q204A_2,4,1067,2400,0.444583333
Morocco,Q204A_2,98,38,2400,0.015833333
Morocco,Q204A_2,99,4,2400,0.001666667
Algeria,Q204A_1,1,56,2332,0.024013722
Algeria,Q204A_1,2,751,2332,0.322041166
Algeria,Q204A_1,3,939,2332,0.402658662
Algeria,Q204A_1,4,558,2332,0.239279588
Algeria,Q204A_1,98,28,2332,0.012006861
Algeria,Q204A_1,99,0,2332,0
Algeria,Q204A_2,1,31,2332,0.01329331
Algeria,Q204A_2,2,669,2332,0.286878216
Algeria,Q204A_2,3,982,2332,0.42109777
Algeria,Q204A_2,4,639,2332,0.274013722
Algeria,Q204A_2,98,8,2332,0.003430532
Algeria,Q204A_2,99,3,2332,0.001286449
Libya,Q204A_1,1,97,1962,0.049439348
Libya,Q204A_1,2,544,1962,0.277268094
Libya,Q204A_1,3,870,1962,0.443425076
Libya,Q204A_1,4,444,1962,0.226299694
Libya,Q204A_1,98,6,1962,0.003058104
Libya,Q204A_1,99,1,1962,0.000509684
Libya,Q204A_2,1,36,1962,0.018348624
Libya,Q204A_2,2,325,1962,0.165647299
Libya,Q204A_2,3,918,1962,0.467889908
Libya,Q204A_2,4,673,1962,0.343017329
Libya,Q204A_2,98,9,1962,0.004587156
Libya,Q204A_2,99,1,1962,0.000509684
Kuwait,Q204A_1,1,63,1374,0.045851528
Kuwait,Q204A_1,2,525,1374,0.38209607
Kuwait,Q204A_1,3,505,1374,0.367540029
Kuwait,Q204A_1,4,271,1374,0.197234352
Kuwait,Q204A_1,98,9,1374,0.006550218
Kuwait,Q204A_1,99,1,1374,0.000727802
Kuwait,Q204A_2,1,132,1374,0.096069869
Kuwait,Q204A_2,2,686,1374,0.499272198
Kuwait,Q204A_2,3,381,1374,0.277292576
Kuwait,Q204A_2,4,173,1374,0.125909753
Kuwait,Q204A_2,98,1,1374,0.000727802
Kuwait,Q204A_2,99,1,1374,0.000727802
Yemen,Q100,1,1095,2400,0.45625
Yemen,Q100,2,810,2400,0.3375
Yemen,Q100,3,445,2400,0.185416667
Yemen,Q100,98,44,2400,0.018333333
Yemen,Q100,99,2,2400,0.000833333
Yemen,Q101,1,65,2400,0.027083333
Yemen,Q101,2,702,2400,0.2925
Yemen,Q101,3,885,2400,0.36875
Yemen,Q101,4,739,2400,0.307916667
Yemen,Q101,98,7,2400,0.002916667
Yemen,Q101,99,2,2400,0.000833333
Yemen,Q102,1,904,2400,0.376666667
Yemen,Q102,2,769,2400,0.320416667
Yemen,Q102,3,303,2400,0.12625
Yemen,Q102,4,100,2400,0.041666667
Yemen,Q102,5,198,2400,0.0825
Yemen,Q102,98,123,2400,0.05125
Yemen,Q102,99,3,2400,0.00125
Iraq,Q100,1,451,2461,0.183258838
Iraq,Q100,2,1924,2461,0.781796018
Iraq,Q100,3,75,2461,0.030475416
Iraq,Q100,98,8,2461,0.003250711
Iraq,Q100,99,3,2461,0.001219017
Iraq,Q101,1,36,2461,0.0146282
Iraq,Q101,2,497,2461,0.201950427
Iraq,Q101,3,1053,2461,0.427874848
Iraq,Q101,4,861,2461,0.349857781
Iraq,Q101,98,14,2461,0.005688744
Iraq,Q101,99,0,2461,0
Iraq,Q102,1,365,2461,0.148313694
Iraq,Q102,2,733,2461,0.297846404
Iraq,Q102,3,593,2461,0.24095896
Iraq,Q102,4,361,2461,0.146688338
Iraq,Q102,5,288,2461,0.117025599
Iraq,Q102,98,117,2461,0.04754165
Iraq,Q102,99,4,2461,0.001625356
Egypt,Q100,1,1053,2400,0.43875
Egypt,Q100,2,604,2400,0.251666667
Egypt,Q100,3,580,2400,0.241666667
Egypt,Q100,98,162,2400,0.0675
Egypt,Q100,99,1,2400,0.000416667
Egypt,Q101,1,162,2400,0.0675
Egypt,Q101,2,1053,2400,0.43875
Egypt,Q101,3,762,2400,0.3175
Egypt,Q101,4,297,2400,0.12375
Egypt,Q101,98,124,2400,0.051666667
Egypt,Q101,99,2,2400,0.000833333
Egypt,Q102,1,601,2400,0.250416667
Egypt,Q102,2,527,2400,0.219583333
Egypt,Q102,3,624,2400,0.26
Egypt,Q102,4,161,2400,0.067083333
Egypt,Q102,5,205,2400,0.085416667
Egypt,Q102,98,273,2400,0.11375
Egypt,Q102,99,9,2400,0.00375
Tunisia,Q100,1,183,2400,0.07625
Tunisia,Q100,2,1967,2400,0.819583333
Tunisia,Q100,3,123,2400,0.05125
Tunisia,Q100,98,121,2400,0.050416667
Tunisia,Q100,99,6,2400,0.0025
Tunisia,Q101,1,8,2400,0.003333333
Tunisia,Q101,2,158,2400,0.065833333
Tunisia,Q101,3,719,2400,0.299583333
Tunisia,Q101,4,1480,2400,0.616666667
Tunisia,Q101,98,34,2400,0.014166667
Tunisia,Q101,99,1,2400,0.000416667
Tunisia,Q102,1,235,2400,0.097916667
Tunisia,Q102,2,573,2400,0.23875
Tunisia,Q102,3,255,2400,0.10625
Tunisia,Q102,4,281,2400,0.117083333
Tunisia,Q102,5,549,2400,0.22875
Tunisia,Q102,98,499,2400,0.207916667
Tunisia,Q102,99,8,2400,0.003333333
Palestine,Q100,1,361,2493,0.144805455
Palestine,Q100,2,1691,2493,0.678299238
Palestine,Q100,3,365,2493,0.146409948
Palestine,Q100,98,74,2493,0.029683113
Palestine,Q100,99,2,2493,0.000802246
Palestine,Q101,1,48,2493,0.019253911
Palestine,Q101,2,555,2493,0.222623345
Palestine,Q101,3,999,2493,0.400722022
Palestine,Q101,4,880,2493,0.352988367
Palestine,Q101,98,11,2493,0.004412355
Palestine,Q101,99,0,2493,0
Palestine,Q102,1,88,2493,0.035298837
Palestine,Q102,2,439,2493,0.176093061
Palestine,Q102,3,521,2493,0.208985158
Palestine,Q102,4,551,2493,0.221018853
Palestine,Q102,5,592,2493,0.237464902
Palestine,Q102,98,301,2493,0.120738067
Palestine,Q102,99,1,2493,0.000401123
Jordan,Q100,1,651,2400,0.27125
Jordan,Q100,2,1433,2400,0.597083333
Jordan,Q100,3,279,2400,0.11625
Jordan,Q100,98,34,2400,0.014166667
Jordan,Q100,99,3,2400,0.00125
Jordan,Q101,1,31,2400,0.012916667
Jordan,Q101,2,532,2400,0.221666667
Jordan,Q101,3,737,2400,0.307083333
Jordan,Q101,4,1095,2400,0.45625
Jordan,Q101,98,5,2400,0.002083333
Jordan,Q101,99,0,2400,0
Jordan,Q102,1,143,2400,0.059583333
Jordan,Q102,2,696,2400,0.29
Jordan,Q102,3,384,2400,0.16
Jordan,Q102,4,471,2400,0.19625
Jordan,Q102,5,553,2400,0.230416667
Jordan,Q102,98,153,2400,0.06375
Jordan,Q102,99,0,2400,0
Lebanon,Q100,1,66,2400,0.0275
Lebanon,Q100,2,2150,2400,0.895833333
Lebanon,Q100,3,178,2400,0.074166667
Lebanon,Q100,98,6,2400,0.0025
Lebanon,Q100,99,0,2400,0
Lebanon,Q101,1,12,2400,0.005
Lebanon,Q101,2,307,2400,0.127916667
Lebanon,Q101,3,1059,2400,0.44125
Lebanon,Q101,4,1016,2400,0.423333333
Lebanon,Q101,98,3,2400,0.00125
Lebanon,Q101,99,3,2400,0.00125
Lebanon,Q102,1,39,2400,0.01625
Lebanon,Q102,2,225,2400,0.09375
Lebanon,Q102,3,561,2400,0.23375
Lebanon,Q102,4,550,2400,0.229166667
Lebanon,Q102,5,851,2400,0.354583333
Lebanon,Q102,98,174,2400,0.0725
Lebanon,Q102,99,0,2400,0
Morocco,Q100,1,889,2400,0.370416667
Morocco,Q100,2,1024,2400,0.426666667
Morocco,Q100,3,384,2400,0.16
Morocco,Q100,98,90,2400,0.0375
Morocco,Q100,99,13,2400,0.005416667
Morocco,Q101,1,151,2400,0.062916667
Morocco,Q101,2,793,2400,0.330416667
Morocco,Q101,3,797,2400,0.332083333
Morocco,Q101,4,543,2400,0.22625
Morocco,Q101,98,113,2400,0.047083333
Morocco,Q101,99,3,2400,0.00125
Morocco,Q102,1,328,2400,0.136666667
Morocco,Q102,2,468,2400,0.195
Morocco,Q102,3,601,2400,0.250416667
Morocco,Q102,4,221,2400,0.092083333
Morocco,Q102,5,294,2400,0.1225
Morocco,Q102,98,483,2400,0.20125
Morocco,Q102,99,5,2400,0.002083333
Algeria,Q100,1,203,2332,0.087049743
Algeria,Q100,2,1667,2332,0.71483705
Algeria,Q100,3,422,2332,0.180960549
Algeria,Q100,98,39,2332,0.016723842
Algeria,Q100,99,1,2332,0.000428816
Algeria,Q101,1,11,2332,0.004716981
Algeria,Q101,2,291,2332,0.124785592
Algeria,Q101,3,1136,2332,0.487135506
Algeria,Q101,4,847,2332,0.363207547
Algeria,Q101,98,36,2332,0.015437393
Algeria,Q101,99,11,2332,0.004716981
Algeria,Q102,1,103,2332,0.044168096
Algeria,Q102,2,413,2332,0.177101201
Algeria,Q102,3,856,2332,0.367066895
Algeria,Q102,4,451,2332,0.193396226
Algeria,Q102,5,317,2332,0.13593482
Algeria,Q102,98,191,2332,0.081903945
Algeria,Q102,99,1,2332,0.000428816
Libya,Q100,1,521,1962,0.265545362
Libya,Q100,2,1314,1962,0.669724771
Libya,Q100,3,78,1962,0.039755352
Libya,Q100,98,47,1962,0.023955148
Libya,Q100,99,2,1962,0.001019368
Libya,Q101,1,43,1962,0.021916412
Libya,Q101,2,390,1962,0.198776758
Libya,Q101,3,984,1962,0.501529052
Libya,Q101,4,534,1962,0.272171254
Libya,Q101,98,9,1962,0.004587156
Libya,Q101,99,2,1962,0.001019368
Libya,Q102,1,610,1962,0.310907238
Libya,Q102,2,580,1962,0.295616718
Libya,Q102,3,281,1962,0.143221203
Libya,Q102,4,140,1962,0.071355759
Libya,Q102,5,134,1962,0.068297655
Libya,Q102,98,208,1962,0.106014271
Libya,Q102,99,9,1962,0.004587156
Kuwait,Q100,1,567,1374,0.412663755
Kuwait,Q100,2,406,1374,0.295487627
Kuwait,Q100,3,378,1374,0.27510917
Kuwait,Q100,98,13,1374,0.009461426
Kuwait,Q100,99,10,1374,0.00727802
Kuwait,Q101,1,316,1374,0.229985444
Kuwait,Q101,2,721,1374,0.524745269
Kuwait,Q101,3,283,1374,0.205967977
Kuwait,Q101,4,47,1374,0.034206696
Kuwait,Q101,98,6,1374,0.004366812
Kuwait,Q101,99,1,1374,0.000727802
Kuwait,Q102,1,261,1374,0.189956332
Kuwait,Q102,2,365,1374,0.265647744
Kuwait,Q102,3,347,1374,0.252547307
Kuwait,Q102,4,173,1374,0.125909753
Kuwait,Q102,5,95,1374,0.069141194
Kuwait,Q102,98,132,1374,0.096069869
Kuwait,Q102,99,1,1374,0.000727802
Yemen,Q100,1,1095,2400,0.45625
Yemen,Q100,2,810,2400,0.3375
Yemen,Q100,3,445,2400,0.185416667
Yemen,Q100,98,44,2400,0.018333333
Yemen,Q100,99,2,2400,0.000833333
Yemen,Q101,1,65,2400,0.027083333
Yemen,Q101,2,702,2400,0.2925
Yemen,Q101,3,885,2400,0.36875
Yemen,Q101,4,739,2400,0.307916667
Yemen,Q101,98,7,2400,0.002916667
Yemen,Q101,99,2,2400,0.000833333
Yemen,Q102,1,904,2400,0.376666667
Yemen,Q102,2,769,2400,0.320416667
Yemen,Q102,3,303,2400,0.12625
Yemen,Q102,4,100,2400,0.041666667
Yemen,Q102,5,198,2400,0.0825
Yemen,Q102,98,123,2400,0.05125
Yemen,Q102,99,3,2400,0.00125
Iraq,Q100,1,451,2461,0.183258838
Iraq,Q100,2,1924,2461,0.781796018
Iraq,Q100,3,75,2461,0.030475416
Iraq,Q100,98,8,2461,0.003250711
Iraq,Q100,99,3,2461,0.001219017
Iraq,Q101,1,36,2461,0.0146282
Iraq,Q101,2,497,2461,0.201950427
Iraq,Q101,3,1053,2461,0.427874848
Iraq,Q101,4,861,2461,0.349857781
Iraq,Q101,98,14,2461,0.005688744
Iraq,Q101,99,0,2461,0
Iraq,Q102,1,365,2461,0.148313694
Iraq,Q102,2,733,2461,0.297846404
Iraq,Q102,3,593,2461,0.24095896
Iraq,Q102,4,361,2461,0.146688338
Iraq,Q102,5,288,2461,0.117025599
Iraq,Q102,98,117,2461,0.04754165
Iraq,Q102,99,4,2461,0.001625356
Egypt,Q100,1,1053,2400,0.43875
Egypt,Q100,2,604,2400,0.251666667
Egypt,Q100,3,580,2400,0.241666667
Egypt,Q100,98,162,2400,0.0675
Egypt,Q100,99,1,2400,0.000416667
Egypt,Q101,1,162,2400,0.0675
Egypt,Q101,2,1053,2400,0.43875
Egypt,Q101,3,762,2400,0.3175
Egypt,Q101,4,297,2400,0.12375
Egypt,Q101,98,124,2400,0.051666667
Egypt,Q101,99,2,2400,0.000833333
Egypt,Q102,1,601,2400,0.250416667
Egypt,Q102,2,527,2400,0.219583333
Egypt,Q102,3,624,2400,0.26
Egypt,Q102,4,161,2400,0.067083333
Egypt,Q102,5,205,2400,0.085416667
Egypt,Q102,98,273,2400,0.11375
Egypt,Q102,99,9,2400,0.00375
Tunisia,Q100,1,183,2400,0.07625
Tunisia,Q100,2,1967,2400,0.819583333
Tunisia,Q100,3,123,2400,0.05125
Tunisia,Q100,98,121,2400,0.050416667
Tunisia,Q100,99,6,2400,0.0025
Tunisia,Q101,1,8,2400,0.003333333
Tunisia,Q101,2,158,2400,0.065833333
Tunisia,Q101,3,719,2400,0.299583333
Tunisia,Q101,4,1480,2400,0.616666667
Tunisia,Q101,98,34,2400,0.014166667
Tunisia,Q101,99,1,2400,0.000416667
Tunisia,Q102,1,235,2400,0.097916667
Tunisia,Q102,2,573,2400,0.23875
Tunisia,Q102,3,255,2400,0.10625
Tunisia,Q102,4,281,2400,0.117083333
Tunisia,Q102,5,549,2400,0.22875
Tunisia,Q102,98,499,2400,0.207916667
Tunisia,Q102,99,8,2400,0.003333333
Palestine,Q100,1,361,2493,0.144805455
Palestine,Q100,2,1691,2493,0.678299238
Palestine,Q100,3,365,2493,0.146409948
Palestine,Q100,98,74,2493,0.029683113
Palestine,Q100,99,2,2493,0.000802246
Palestine,Q101,1,48,2493,0.019253911
Palestine,Q101,2,555,2493,0.222623345
Palestine,Q101,3,999,2493,0.400722022
Palestine,Q101,4,880,2493,0.352988367
Palestine,Q101,98,11,2493,0.004412355
Palestine,Q101,99,0,2493,0
Palestine,Q102,1,88,2493,0.035298837
Palestine,Q102,2,439,2493,0.176093061
Palestine,Q102,3,521,2493,0.208985158
Palestine,Q102,4,551,2493,0.221018853
Palestine,Q102,5,592,2493,0.237464902
Palestine,Q102,98,301,2493,0.120738067
Palestine,Q102,99,1,2493,0.000401123
Jordan,Q100,1,651,2400,0.27125
Jordan,Q100,2,1433,2400,0.597083333
Jordan,Q100,3,279,2400,0.11625
Jordan,Q100,98,34,2400,0.014166667
Jordan,Q100,99,3,2400,0.00125
Jordan,Q101,1,31,2400,0.012916667
Jordan,Q101,2,532,2400,0.221666667
Jordan,Q101,3,737,2400,0.307083333
Jordan,Q101,4,1095,2400,0.45625
Jordan,Q101,98,5,2400,0.002083333
Jordan,Q101,99,0,2400,0
Jordan,Q102,1,143,2400,0.059583333
Jordan,Q102,2,696,2400,0.29
Jordan,Q102,3,384,2400,0.16
Jordan,Q102,4,471,2400,0.19625
Jordan,Q102,5,553,2400,0.230416667
Jordan,Q102,98,153,2400,0.06375
Jordan,Q102,99,0,2400,0
Lebanon,Q100,1,66,2400,0.0275
Lebanon,Q100,2,2150,2400,0.895833333
Lebanon,Q100,3,178,2400,0.074166667
Lebanon,Q100,98,6,2400,0.0025
Lebanon,Q100,99,0,2400,0
Lebanon,Q101,1,12,2400,0.005
Lebanon,Q101,2,307,2400,0.127916667
Lebanon,Q101,3,1059,2400,0.44125
Lebanon,Q101,4,1016,2400,0.423333333
Lebanon,Q101,98,3,2400,0.00125
Lebanon,Q101,99,3,2400,0.00125
Lebanon,Q102,1,39,2400,0.01625
Lebanon,Q102,2,225,2400,0.09375
Lebanon,Q102,3,561,2400,0.23375
Lebanon,Q102,4,550,2400,0.229166667
Lebanon,Q102,5,851,2400,0.354583333
Lebanon,Q102,98,174,2400,0.0725
Lebanon,Q102,99,0,2400,0
Morocco,Q100,1,889,2400,0.370416667
Morocco,Q100,2,1024,2400,0.426666667
Morocco,Q100,3,384,2400,0.16
Morocco,Q100,98,90,2400,0.0375
Morocco,Q100,99,13,2400,0.005416667
Morocco,Q101,1,151,2400,0.062916667
Morocco,Q101,2,793,2400,0.330416667
Morocco,Q101,3,797,2400,0.332083333
Morocco,Q101,4,543,2400,0.22625
Morocco,Q101,98,113,2400,0.047083333
Morocco,Q101,99,3,2400,0.00125
Morocco,Q102,1,328,2400,0.136666667
Morocco,Q102,2,468,2400,0.195
Morocco,Q102,3,601,2400,0.250416667
Morocco,Q102,4,221,2400,0.092083333
Morocco,Q102,5,294,2400,0.1225
Morocco,Q102,98,483,2400,0.20125
Morocco,Q102,99,5,2400,0.002083333
Algeria,Q100,1,203,2332,0.087049743
Algeria,Q100,2,1667,2332,0.71483705
Algeria,Q100,3,422,2332,0.180960549
Algeria,Q100,98,39,2332,0.016723842
Algeria,Q100,99,1,2332,0.000428816
Algeria,Q101,1,11,2332,0.004716981
Algeria,Q101,2,291,2332,0.124785592
Algeria,Q101,3,1136,2332,0.487135506
Algeria,Q101,4,847,2332,0.363207547
Algeria,Q101,98,36,2332,0.015437393
Algeria,Q101,99,11,2332,0.004716981
Algeria,Q102,1,103,2332,0.044168096
Algeria,Q102,2,413,2332,0.177101201
Algeria,Q102,3,856,2332,0.367066895
Algeria,Q102,4,451,2332,0.193396226
Algeria,Q102,5,317,2332,0.13593482
Algeria,Q102,98,191,2332,0.081903945
Algeria,Q102,99,1,2332,0.000428816
Libya,Q100,1,521,1962,0.265545362
Libya,Q100,2,1314,1962,0.669724771
Libya,Q100,3,78,1962,0.039755352
Libya,Q100,98,47,1962,0.023955148
Libya,Q100,99,2,1962,0.001019368
Libya,Q101,1,43,1962,0.021916412
Libya,Q101,2,390,1962,0.198776758
Libya,Q101,3,984,1962,0.501529052
Libya,Q101,4,534,1962,0.272171254
Libya,Q101,98,9,1962,0.004587156
Libya,Q101,99,2,1962,0.001019368
Libya,Q102,1,610,1962,0.310907238
Libya,Q102,2,580,1962,0.295616718
Libya,Q102,3,281,1962,0.143221203
Libya,Q102,4,140,1962,0.071355759
Libya,Q102,5,134,1962,0.068297655
Libya,Q102,98,208,1962,0.106014271
Libya,Q102,99,9,1962,0.004587156
Kuwait,Q100,1,567,1374,0.412663755
Kuwait,Q100,2,406,1374,0.295487627
Kuwait,Q100,3,378,1374,0.27510917
Kuwait,Q100,98,13,1374,0.009461426
Kuwait,Q100,99,10,1374,0.00727802
Kuwait,Q101,1,316,1374,0.229985444
Kuwait,Q101,2,721,1374,0.524745269
Kuwait,Q101,3,283,1374,0.205967977
Kuwait,Q101,4,47,1374,0.034206696
Kuwait,Q101,98,6,1374,0.004366812
Kuwait,Q101,99,1,1374,0.000727802
Kuwait,Q102,1,261,1374,0.189956332
Kuwait,Q102,2,365,1374,0.265647744
Kuwait,Q102,3,347,1374,0.252547307
Kuwait,Q102,4,173,1374,0.125909753
Kuwait,Q102,5,95,1374,0.069141194
Kuwait,Q102,98,132,1374,0.096069869
Kuwait,Q102,99,1,1374,0.000727802
Yemen,Q209B,1,642,2400,0.2675
Yemen,Q209B,2,1288,2400,0.536666667
Yemen,Q209B,3,336,2400,0.14
Yemen,Q209B,4,109,2400,0.045416667
Yemen,Q209B,98,18,2400,0.0075
Yemen,Q209B,99,4,2400,0.001666667
Yemen,Q501,1,602,2400,0.250833333
Yemen,Q501,2,1790,2400,0.745833333
Yemen,Q501,98,5,2400,0.002083333
Yemen,Q501,99,3,2400,0.00125
Yemen,Q501A,1,677,2400,0.282083333
Yemen,Q501A,2,1706,2400,0.710833333
Yemen,Q501A,98,12,2400,0.005
Yemen,Q501A,99,5,2400,0.002083333
Yemen,Q266,1,1339,2400,0.557916667
Yemen,Q266,2,1042,2400,0.434166667
Yemen,Q266,98,8,2400,0.003333333
Yemen,Q266,99,9,2400,0.00375
Yemen,Q263,1,701,2400,0.292083333
Yemen,Q263,2,1069,2400,0.445416667
Yemen,Q263,3,569,2400,0.237083333
Yemen,Q263,4,36,2400,0.015
Yemen,Q263,98,12,2400,0.005
Yemen,Q263,99,13,2400,0.005416667
Iraq,Q209B,1,782,2461,0.317757009
Iraq,Q209B,2,962,2461,0.390898009
Iraq,Q209B,3,384,2461,0.156034132
Iraq,Q209B,4,288,2461,0.117025599
Iraq,Q209B,98,44,2461,0.017878911
Iraq,Q209B,99,1,2461,0.000406339
Iraq,Q501,1,187,2461,0.075985372
Iraq,Q501,2,2269,2461,0.921982934
Iraq,Q501,98,4,2461,0.001625356
Iraq,Q501,99,1,2461,0.000406339
Iraq,Q501A,1,229,2461,0.093051605
Iraq,Q501A,2,2220,2461,0.902072328
Iraq,Q501A,98,12,2461,0.004876067
Iraq,Q501A,99,0,2461,0
Iraq,Q266,1,1305,2461,0.530272247
Iraq,Q266,2,1140,2461,0.463226331
Iraq,Q266,98,11,2461,0.004469728
Iraq,Q266,99,5,2461,0.002031694
Iraq,Q263,1,476,2461,0.19341731
Iraq,Q263,2,1062,2461,0.431531898
Iraq,Q263,3,841,2461,0.341731004
Iraq,Q263,4,58,2461,0.023567655
Iraq,Q263,98,13,2461,0.005282406
Iraq,Q263,99,11,2461,0.004469728
Egypt,Q209B,1,637,2400,0.265416667
Egypt,Q209B,2,1192,2400,0.496666667
Egypt,Q209B,3,340,2400,0.141666667
Egypt,Q209B,4,84,2400,0.035
Egypt,Q209B,98,146,2400,0.060833333
Egypt,Q209B,99,1,2400,0.000416667
Egypt,Q501,1,547,2400,0.227916667
Egypt,Q501,2,1846,2400,0.769166667
Egypt,Q501,98,3,2400,0.00125
Egypt,Q501,99,4,2400,0.001666667
Egypt,Q501A,1,582,2400,0.2425
Egypt,Q501A,2,1793,2400,0.747083333
Egypt,Q501A,98,23,2400,0.009583333
Egypt,Q501A,99,2,2400,0.000833333
Egypt,Q266,1,1540,2400,0.641666667
Egypt,Q266,2,780,2400,0.325
Egypt,Q266,98,20,2400,0.008333333
Egypt,Q266,99,60,2400,0.025
Egypt,Q263,1,803,2400,0.334583333
Egypt,Q263,2,894,2400,0.3725
Egypt,Q263,3,556,2400,0.231666667
Egypt,Q263,4,79,2400,0.032916667
Egypt,Q263,98,19,2400,0.007916667
Egypt,Q263,99,49,2400,0.020416667
Tunisia,Q209B,1,344,2400,0.143333333
Tunisia,Q209B,2,1288,2400,0.536666667
Tunisia,Q209B,3,413,2400,0.172083333
Tunisia,Q209B,4,248,2400,0.103333333
Tunisia,Q209B,98,104,2400,0.043333333
Tunisia,Q209B,99,3,2400,0.00125
Tunisia,Q501,1,143,2400,0.059583333
Tunisia,Q501,2,2253,2400,0.93875
Tunisia,Q501,98,4,2400,0.001666667
Tunisia,Q501,99,0,2400,0
Tunisia,Q501A,1,224,2400,0.093333333
Tunisia,Q501A,2,2172,2400,0.905
Tunisia,Q501A,98,3,2400,0.00125
Tunisia,Q501A,99,1,2400,0.000416667
Tunisia,Q266,1,1144,2400,0.476666667
Tunisia,Q266,2,1202,2400,0.500833333
Tunisia,Q266,98,16,2400,0.006666667
Tunisia,Q266,99,38,2400,0.015833333
Tunisia,Q263,1,570,2400,0.2375
Tunisia,Q263,2,1292,2400,0.538333333
Tunisia,Q263,3,357,2400,0.14875
Tunisia,Q263,4,47,2400,0.019583333
Tunisia,Q263,98,125,2400,0.052083333
Tunisia,Q263,99,9,2400,0.00375
Palestine,Q209B,1,153,2493,0.061371841
Palestine,Q209B,2,1207,2493,0.484155636
Palestine,Q209B,3,849,2493,0.34055355
Palestine,Q209B,4,168,2493,0.067388688
Palestine,Q209B,98,116,2493,0.046530285
Palestine,Q209B,99,0,2493,0
Palestine,Q501,1,401,2493,0.160850381
Palestine,Q501,2,2073,2493,0.831528279
Palestine,Q501,98,13,2493,0.005214601
Palestine,Q501,99,6,2493,0.002406739
Palestine,Q501A,1,501,2493,0.200962696
Palestine,Q501A,2,1985,2493,0.796229442
Palestine,Q501A,98,3,2493,0.001203369
Palestine,Q501A,99,4,2493,0.001604493
Palestine,Q266,1,1110,2493,0.445246691
Palestine,Q266,2,1329,2493,0.533092659
Palestine,Q266,98,27,2493,0.010830325
Palestine,Q266,99,27,2493,0.010830325
Palestine,Q263,1,505,2493,0.202567188
Palestine,Q263,2,1203,2493,0.482551143
Palestine,Q263,3,649,2493,0.260328921
Palestine,Q263,4,70,2493,0.02807862
Palestine,Q263,98,50,2493,0.020056157
Palestine,Q263,99,15,2493,0.006016847
Jordan,Q209B,1,168,2400,0.07
Jordan,Q209B,2,1124,2400,0.468333333
Jordan,Q209B,3,690,2400,0.2875
Jordan,Q209B,4,329,2400,0.137083333
Jordan,Q209B,98,88,2400,0.036666667
Jordan,Q209B,99,1,2400,0.000416667
Jordan,Q501,1,171,2400,0.07125
Jordan,Q501,2,2225,2400,0.927083333
Jordan,Q501,98,4,2400,0.001666667
Jordan,Q501,99,0,2400,0
Jordan,Q501A,1,208,2400,0.086666667
Jordan,Q501A,2,2181,2400,0.90875
Jordan,Q501A,98,11,2400,0.004583333
Jordan,Q501A,99,0,2400,0
Jordan,Q266,1,1365,2400,0.56875
Jordan,Q266,2,1010,2400,0.420833333
Jordan,Q266,98,8,2400,0.003333333
Jordan,Q266,99,17,2400,0.007083333
Jordan,Q263,1,327,2400,0.13625
Jordan,Q263,2,1329,2400,0.55375
Jordan,Q263,3,706,2400,0.294166667
Jordan,Q263,4,22,2400,0.009166667
Jordan,Q263,98,13,2400,0.005416667
Jordan,Q263,99,3,2400,0.00125
Lebanon,Q209B,1,86,2400,0.035833333
Lebanon,Q209B,2,1039,2400,0.432916667
Lebanon,Q209B,3,889,2400,0.370416667
Lebanon,Q209B,4,336,2400,0.14
Lebanon,Q209B,98,48,2400,0.02
Lebanon,Q209B,99,2,2400,0.000833333
Lebanon,Q501,1,185,2400,0.077083333
Lebanon,Q501,2,2208,2400,0.92
Lebanon,Q501,98,5,2400,0.002083333
Lebanon,Q501,99,2,2400,0.000833333
Lebanon,Q501A,1,151,2400,0.062916667
Lebanon,Q501A,2,2223,2400,0.92625
Lebanon,Q501A,98,16,2400,0.006666667
Lebanon,Q501A,99,10,2400,0.004166667
Lebanon,Q266,1,720,2400,0.3
Lebanon,Q266,2,1661,2400,0.692083333
Lebanon,Q266,98,16,2400,0.006666667
Lebanon,Q266,99,3,2400,0.00125
Lebanon,Q263,1,157,2400,0.065416667
Lebanon,Q263,2,1215,2400,0.50625
Lebanon,Q263,3,864,2400,0.36
Lebanon,Q263,4,114,2400,0.0475
Lebanon,Q263,98,43,2400,0.017916667
Lebanon,Q263,99,7,2400,0.002916667
Morocco,Q209B,1,353,2400,0.147083333
Morocco,Q209B,2,960,2400,0.4
Morocco,Q209B,3,556,2400,0.231666667
Morocco,Q209B,4,225,2400,0.09375
Morocco,Q209B,98,302,2400,0.125833333
Morocco,Q209B,99,4,2400,0.001666667
Morocco,Q501,1,646,2400,0.269166667
Morocco,Q501,2,1743,2400,0.72625
Morocco,Q501,98,9,2400,0.00375
Morocco,Q501,99,2,2400,0.000833333
Morocco,Q501A,1,565,2400,0.235416667
Morocco,Q501A,2,1811,2400,0.754583333
Morocco,Q501A,98,23,2400,0.009583333
Morocco,Q501A,99,1,2400,0.000416667
Morocco,Q266,1,939,2400,0.39125
Morocco,Q266,2,1397,2400,0.582083333
Morocco,Q266,98,30,2400,0.0125
Morocco,Q266,99,34,2400,0.014166667
Morocco,Q263,1,442,2400,0.184166667
Morocco,Q263,2,870,2400,0.3625
Morocco,Q263,3,799,2400,0.332916667
Morocco,Q263,4,128,2400,0.053333333
Morocco,Q263,98,133,2400,0.055416667
Morocco,Q263,99,28,2400,0.011666667
Algeria,Q209B,1,197,2332,0.084476844
Algeria,Q209B,2,1131,2332,0.484991424
Algeria,Q209B,3,629,2332,0.269725557
Algeria,Q209B,4,253,2332,0.108490566
Algeria,Q209B,98,112,2332,0.048027444
Algeria,Q209B,99,10,2332,0.004288165
Algeria,Q501,1,393,2332,0.168524871
Algeria,Q501,2,1913,2332,0.820325901
Algeria,Q501,98,18,2332,0.007718696
Algeria,Q501,99,8,2332,0.003430532
Algeria,Q501A,1,431,2332,0.184819897
Algeria,Q501A,2,1824,2332,0.782161235
Algeria,Q501A,98,61,2332,0.026157804
Algeria,Q501A,99,16,2332,0.006861063
Algeria,Q266,1,1080,2332,0.463121784
Algeria,Q266,2,1058,2332,0.453687822
Algeria,Q266,98,82,2332,0.03516295
Algeria,Q266,99,112,2332,0.048027444
Algeria,Q263,1,412,2332,0.176672384
Algeria,Q263,2,1053,2332,0.451543739
Algeria,Q263,3,653,2332,0.280017153
Algeria,Q263,4,78,2332,0.033447684
Algeria,Q263,98,82,2332,0.03516295
Algeria,Q263,99,54,2332,0.023156089
Libya,Q209B,1,285,1962,0.145259939
Libya,Q209B,2,886,1962,0.45158002
Libya,Q209B,3,559,1962,0.284913354
Libya,Q209B,4,172,1962,0.087665647
Libya,Q209B,98,57,1962,0.029051988
Libya,Q209B,99,3,1962,0.001529052
Libya,Q501,1,226,1962,0.115188583
Libya,Q501,2,1734,1962,0.883792049
Libya,Q501,98,1,1962,0.000509684
Libya,Q501,99,1,1962,0.000509684
Libya,Q501A,1,286,1962,0.145769623
Libya,Q501A,2,1672,1962,0.852191641
Libya,Q501A,98,3,1962,0.001529052
Libya,Q501A,99,1,1962,0.000509684
Libya,Q266,1,1109,1962,0.565239551
Libya,Q266,2,821,1962,0.418450561
Libya,Q266,98,7,1962,0.003567788
Libya,Q266,99,25,1962,0.0127421
Libya,Q263,1,783,1962,0.399082569
Libya,Q263,2,646,1962,0.329255861
Libya,Q263,3,479,1962,0.244138634
Libya,Q263,4,36,1962,0.018348624
Libya,Q263,98,11,1962,0.005606524
Libya,Q263,99,7,1962,0.003567788
Kuwait,Q209B,1,105,1374,0.076419214
Kuwait,Q209B,2,666,1374,0.484716157
Kuwait,Q209B,3,321,1374,0.233624454
Kuwait,Q209B,4,132,1374,0.096069869
Kuwait,Q209B,98,146,1374,0.106259098
Kuwait,Q209B,99,4,1374,0.002911208
Kuwait,Q501,1,186,1374,0.135371179
Kuwait,Q501,2,1183,1374,0.860989811
Kuwait,Q501,98,4,1374,0.002911208
Kuwait,Q501,99,1,1374,0.000727802
Kuwait,Q501A,1,220,1374,0.160116448
Kuwait,Q501A,2,1143,1374,0.831877729
Kuwait,Q501A,98,6,1374,0.004366812
Kuwait,Q501A,99,5,1374,0.00363901
Kuwait,Q266,1,1058,1374,0.770014556
Kuwait,Q266,2,255,1374,0.18558952
Kuwait,Q266,98,6,1374,0.004366812
Kuwait,Q266,99,55,1374,0.040029112
Kuwait,Q263,1,426,1374,0.310043668
Kuwait,Q263,2,665,1374,0.483988355
Kuwait,Q263,3,211,1374,0.15356623
Kuwait,Q263,4,11,1374,0.008005822
Kuwait,Q263,98,12,1374,0.008733624
Kuwait,Q263,99,49,1374,0.0356623